variable,VIF
HDI_2023,90.15024977017386
HDI_sq,106.37851988561073
log_GDP_per_capita,7.006084357899044
