variable,VIF
const,255.57649357177417
HDI_centered,7.141931618642716
HDI_centered_sq,1.3233266510148813
log_GDP_per_capita,6.503658076392594
