variable,VIF
const,229.68756356103825
HDI_centered,5.1045664394696715
HDI_centered_sq,1.2866651699471703
log_GDP_per_capita,4.524601889090326
