Country Name,cooks_d
Eritrea,0.06769035608331482
Lesotho,0.054295100876937924
Suriname,0.04884209283859985
Ukraine,0.04411104818269916
"Korea, Rep.",0.04397068660501972
Guyana,0.03555130667871335
Eswatini,0.0325679633033897
Lithuania,0.020244883421566395
"Micronesia, Fed. Sts.",0.019887547553700095
Solomon Islands,0.016223195026266072
