Country,Start_Rate,End_Rate,Change,Percent_Change,Continent
Oman,11.619927500384845,17.48352081619639,5.863593315811544,50.46153098302331,Asia
Greece,13.927914892501695,19.556303337857678,5.6283884453559825,40.41084748720077,Europe
Turkey,11.642119736213088,17.07911115967891,5.436991423465821,46.70104368153792,Asia
Antigua and Barbuda,10.215254308285834,15.563861105279228,5.348606796993394,52.35901755921057,America
Slovakia,14.198020656610764,19.528696730430184,5.33067607381942,37.545205791325536,Europe
Romania,13.458760358916537,18.47645046396849,5.017690105051953,37.28196335502543,Europe
Croatia,14.368974988219163,19.367262030981184,4.998287042762021,34.78527206610087,Europe
Hungary,14.399618909233503,19.391084542653157,4.991465633419654,34.66387315444136,Europe
