Country,Start_Rate,End_Rate,Change,Percent_Change,Continent
Ukraine,23.27763027794718,213.21662432983615,189.93899405188898,815.9722093010209,Europe
Uruguay,21.45182299380285,202.9894358937986,181.53761289999574,846.2572759081575,America
Belarus,20.529780369848048,187.99218879276077,167.46240842291272,815.7048220002571,Europe
Micronesia,20.26472517780185,187.21163829562389,166.94691311782202,823.830136619356,Oceania
Marshall Islands,20.13360552161318,185.8764900314585,165.7428845098453,823.2151182853083,Oceania
Latvia,19.5249083466728,181.1229689209191,161.59806057424632,827.6508022726975,Europe
Eswatini,18.523358614110478,174.16022684310312,155.63686822899263,840.2194843349502,Africa
Kazakhstan,18.295551521595666,170.31999241171968,152.02444089012403,830.9366389456898,Asia
